{"cameraMode":{"drawMode":0,"name":"Shaded","section":"Shading Mode"},"sceneLighting":true,"audioPlay":false,"sceneViewState":{"showFog":true,"showMaterialUpdate":false,"showSkybox":true,"showFlares":true,"showImageEffects":false,"showParticleSystems":true},"in2DMode":false,"pivot":{"x":52.30000305175781,"y":88.19966125488281,"z":-256.0},"rotation":{"x":-0.014373863115906716,"y":-0.9798166155815125,"z":0.18437467515468598,"w":-0.0762854516506195},"size":211.0533447265625,"orthographic":true}