{"cameraMode":{"drawMode":0,"name":"Shaded","section":"Shading Mode"},"sceneLighting":true,"audioPlay":false,"sceneViewState":{"showFog":true,"showMaterialUpdate":false,"showSkybox":true,"showFlares":true,"showImageEffects":false,"showParticleSystems":true},"in2DMode":false,"pivot":{"x":-76.47103881835938,"y":-44.565460205078128,"z":-114.93243408203125},"rotation":{"x":0.08714418113231659,"y":0.1665620654821396,"z":-0.014766138046979905,"w":0.9820958375930786},"size":477.13983154296877,"orthographic":false}